captura	trama	protocolo_IP	bytes_trama	puerto_origen	puerto_destino	bytes_cabecera_transporte	bytes_payload	flags_TCP	payload_hex
tcp_intercambio	1	TCP	74	47154	12000	40	0	0x2	
tcp_intercambio	2	TCP	74	12000	47154	40	0	0x12	
tcp_intercambio	3	TCP	66	47154	12000	32	0	0x10	
tcp_intercambio	4	TCP	82	47154	12000	32	16	0x18	486f6c61206465736465204e6361740a
tcp_intercambio	5	TCP	66	12000	47154	32	0	0x10	
tcp_intercambio	6	TCP	90	12000	47154	32	24	0x18	526563696269646f20656e20656c207365727669646f720a
tcp_intercambio	7	TCP	66	47154	12000	32	0	0x10	
tcp_intercambio	8	TCP	82	47154	12000	32	16	0x18	536567756e646f206d656e73616a650a
tcp_intercambio	9	TCP	66	12000	47154	32	0	0x10	
tcp_intercambio	10	TCP	84	12000	47154	32	18	0x18	536567756e6461207265737075657374610a
tcp_intercambio	11	TCP	66	47154	12000	32	0	0x10	
tcp_intercambio	12	TCP	83	47154	12000	32	17	0x18	46696e206465206c61207072756562610a
tcp_intercambio	13	TCP	66	12000	47154	32	0	0x10	
tcp_intercambio	14	TCP	84	12000	47154	32	18	0x18	50727565626120636f6d706c65746164610a
tcp_intercambio	15	TCP	66	47154	12000	32	0	0x10	
tcp_intercambio	16	TCP	66	47154	12000	32	0	0x11	
tcp_intercambio	17	TCP	66	12000	47154	32	0	0x11	
tcp_intercambio	18	TCP	66	47154	12000	32	0	0x10	
udp_intercambio	1	UDP	58	51767	12001	8	16	0x0	486f6c61206465736465204e6361740a
udp_intercambio	2	UDP	66	12001	51767	8	24	0x0	526563696269646f20656e20656c207365727669646f720a
udp_intercambio	3	UDP	58	51767	12001	8	16	0x0	536567756e646f206d656e73616a650a
udp_intercambio	4	UDP	60	12001	51767	8	18	0x0	536567756e6461207265737075657374610a
udp_intercambio	5	UDP	59	51767	12001	8	17	0x0	46696e206465206c61207072756562610a
udp_intercambio	6	UDP	60	12001	51767	8	18	0x0	50727565626120636f6d706c65746164610a
puertos_cerrados	1	TCP	74	58404	12000	40	0	0x2	
puertos_cerrados	2	TCP	54	12000	58404	20	0	0x14	
puertos_cerrados	3	UDP	58	44168	12001	8	16	0x0	486f6c61206465736465204e6361740a
puertos_cerrados	4	ICMP	86	0	0	8	44	0x0	4500002c2d22400040110f9d7f0000017f000001ac882ee10018fe2b486f6c61206465736465204e6361740a
tcp_una_frase	1	TCP	74	44430	12000	40	0	0x2	
tcp_una_frase	2	TCP	74	12000	44430	40	0	0x12	
tcp_una_frase	3	TCP	66	44430	12000	32	0	0x10	
tcp_una_frase	4	TCP	82	44430	12000	32	16	0x18	486f6c61206465736465204e6361740a
tcp_una_frase	5	TCP	66	12000	44430	32	0	0x10	
tcp_una_frase	6	TCP	66	44430	12000	32	0	0x11	
tcp_una_frase	7	TCP	66	12000	44430	32	0	0x11	
tcp_una_frase	8	TCP	66	44430	12000	32	0	0x10	
udp_una_frase	1	UDP	58	39735	12001	8	16	0x0	486f6c61206465736465204e6361740a
